Vote Number, First Name, Last Name, Email Address,
  150, Eli, McGrady, eli,mcgrady@hydrodec.com,
#252, cathy, rodriguez, cathy.1108@yahoo.com,
0430110244, Antonette , Jayona, a.gracejayona@gmail.com,
1, Belinda, Black, Beblack1@hotmail.com,
10, Melissa, Moule, rocknlis@hotmail.com,
100, melina, rahme, mllo_23_5@hotmail.com,
100b, sharon, Taouk, sharon.akkari@gmail.com,
102, Eliane, Chantery, eliane.chantery@servicestream.com.au,
102 104, myriam, rahme, myriam_rahme@hotmail.com,
102b, Dianna, Bazouni, babii_dee89@hotmail.com,
103, Leonie, Klebeck, leonie.klebeck@gmail.com,
104, Erin, Taouk, erin_ede@yahoo.com.au,
105, diane, parker, dmp1979@hotmail.com,
11, gerry, ougz, gez_oug@yahoo.com.au,
110, catherine, daymond, pipcat70@hotmail.com,
112, Michele, Samuelson, sgtbarbi@optusnet.com.au,
117, jo, lo, jinjinjunk@gmail.com,
123, marilyn, king, magsiemagsie@hotmail.com,
127, craig, todd, craigtodd7@gmail.com,
128, sheree, martin, sheree.b.martin@gmail.com,
130, colleen, black, acquaries@optusnet.com.au,
136, Artista, Romanika, imtiiista@gmail.com,
14, Daniella, Kinkade, daniellakinkade@iprimus.com.au,
142, Danielle, Salib, dsalib@device.com.au,
143, Ashley, Monk, chrismonk13@gmail.com,
144, joeyee, yeung, ekin828@hotmail.com,
145, Tara, Sippel, tara.sippel@hotmail.com,
149, Morris, Abraham, shegemorris@hotmail.com,
15, Daniella, Kinkade, daniellakinkade@iprimus.com.au,
150, Angela, Batty, brendanandangela@gmail.com,
153, Anne, Nesbitt, adnesbitt@iinet.net.au,
156, aileen, reay, aileenreay@btinternet.com,
157, cindy, reseigh, cindyreseigh@hotmail.com,
158, gaye, bransdon, gaye.1971@optusnet.com.au,
165, Candice, William, candy.william@ymail.com,
17, Daniella, Kinkade, daniellakinkade@iprimus.com.au,
171, maria, eve, meve711@hotmail.com,
176, nyree, parkin, nyreetard@yahoo.com,
178, Leesa, Lyons, Leesa.j.lyons@gmail.com,
18, Narelle, Nightscales, narelle@iedit4u.com.au,
184, Anne, Bortolussi, dborto@optusnet.com.au,
185, rita, georgievski, curly_wurly2@hotmail.com,
186, Kym, Matthey, shebaz123@hotmail.com,
188, Riana , Crimmins, captaincrimo@hotmail.com,
197, Fionna, Tasdemir, tuncayandfionna@optusnet.com.au,
202, Karen, Chrostowski, kazjane76@yahoo.com.au,
204, Mel, Olennick, mel@thefrisbee.net,
21, Souzan, Fadel, b8fuleyes@hotmail.com,
211, Tasha, Ali, Sxc_little_Italian@hotmail.com,
215, Lara, Williams Day, joshnlara@gmail.com,
216, Al, Sy, sd@gmail.com,
217, Greg, Robinson, robinsgj@bigpond.net.au,
218, bn, dfhdf, f,
219, Tali, Lambkin, talilambkin@gmail.com,
22, LISA, VON HAGEN, LISAVHAGEN@GMAIL.COM,
220, Lauren, Moodley, Lauren@fusionfs.com.au,
223, Jay, Cheriachan, vcheriachan@ozemail.com.au,
223 and 223b, Manuel, Caballes, manuel.caballes@gmail.com,
223b, Melanie, Caballes, melaniecaballes@hotmail.com,
228b, Keri, sullivan, keri.sullivan@live.com,
229, Jenny, Cooper, cooper.j3@gmail.com,
23, Matt, White, mattwhite31@hotmail.com,
230, Maria, Pamboris, mariapamboris@hotmail.com,
233, bronwyn, kolodziej, bronwyn.kolodziej@det.nsw.edu.au,
234, Elaine, Clayton, elclayton@bigpond.com,
237, Naomi, Combe, nrc482@uow.edu.au,
238, Naomi, Combe, nomes_787@hotmail.com,
24, Bianca, Pereira, bianca@gfitness.com.au,
251, Julie, Fews, julie.fews@gmail.com,
252, bernadette, contros, honeydette312@yahoo.com,
256, stacey, Pattenden, golferchick88@hotmail.com,
257, Julian, Elliott, jgelliott@bigpond.com,
259, Allison, McCracken, markandal@optusnet.com.au,
262, Kristen, Ramirez, ramirezlane@optusnet.com.au,
263, Lia, Zacharia, liazacharia@gmail.com,
267, Claire , Ellis, malsmummy@gmail.com,
268, ashley, baron, asha_lee08@hotmail.com,
27, megan, Gibson, meg@moonpig.com.au,
272, navneet, singh, neetie43@hotmail.com,
274, Valerie, Wales, bellva98@hotmail.com,
275, ashley, Taylor, ashleymtaylor@hotmail.com,
277, David, Jennings, davisj4biz@yahoo.com.au,
279, Clair, Bennett, clair.bennett@thomsonreuters.com,
280, Kate, Bennett, k.bennett@unsw.edu.au,
284, Renee, Dietz, rend.84@hotmail.com,
284b, Ray, Dietz, rrrdietz@hotmail.com,
285, Andrea, Coffin, andreamcoffin@gmail.com,
288, Ben, Wilmot, bennywil@hotmail.com,
288b, Sarah, Weerappah, sarah.Weerappah@yahoo.com.au,
289, Cassandra, Baxter, cassandrab1@optusnet.com.au,
290, bn, dfhdf, fdszbhzfds@khfd.com,
295, Teresa, Joson, teresajoson@gmail.com,
298, Olivia, Sedgwick, livvy_p@hotmail.com,
299, Lily, Clements, lilyclements@gmail.com,
30, Jessica, Cameron, jeskaaa_xx@hotmail.com,
300, Danielle, Thompson, decordec@bigpond.net.au,
301, joseph, egho, josephegho@yahoo.com,
302, North, Sullivan, n@n.com,
303, Barbara, lee, roslynlee@hotmail.com,
305, Simon, Degnan, Simon.degnan@gmail.com,
308, adriana, pangas, bjandap@live.com.au,
309, Kim, Barber, rod_kim@bigpond.com,
310, Anna, Furgal, annafurgal@hotmail.com,
35, Damian, Boyd, damoboyd@hotmail.com,
36, Priscilla, Skarpona, priscilla.skarpona@det.nsw.edu.au,
38, Mandy, Chiu, chiumandy@hotmail.com,
38b, Brian, Pong, pongbrian@hotmail.com,
433, Richard, Kolodziej, richard_kolo@yahoo.com.au,
45, Melissa, Garland, melissa-garland@bigpond.com,
46, dawn, Watts, dawnwatts50@hotmail.com,
46 & 47, Brian, Soulsby, brian_soulsby@colpal.com,
464, Angela, Iannello, Angelaiannello@hotmail.com,
47, Natasha, Soulsby, soulsby81@hotmail.com,
50, Magdalene, Azariah, azariah.magdaa@gmail.com,
56, Vanessa, Mah Chut, nessinmalawi@yahoo.com.au,
58, kerrie, cannell, kcannell@optusnet.com.au,
61B, Cherry, Wong, sansbuggy@gmail.com,
62, Kathryn, Campbell, richbell@iinet.net.au,
63, kristie, jackson, kristiec82@hotmail.com,
633, John, Aquilina, johnaquilina1@gmail.com,
66, Nicole, Wheeler, s.nwheels& bigpond.con,
67, smera, chohan, smera_c@hotmail.com,
67 & 67b, kamil, khan, mail@kamilkhan.com,
67b, Mahwish, Malik, mahwish@hotmail.com,
69, Kelly, Jackman, kelly.jackman@gmail.com,
75, North, s, north@n.com,
76, Andrew, Patterson, andrewp@westslc.com.au,
79, Sarah, rebenko, sxc2144@hotmail.com,
86, Lisa, Wilson, angelik_lisa@hotmail.com,
87, Emma, Vitali, bibbzs@hotmail.com,
87 & 87b, Debbie, Horwood, slugga56@hotmail.com,
87 and 87b, Loretta, Kingston, duchessfergie@gmail.com,
87,87b, rita , tuivaiti, rita.tuivaiti@aol.com.au,
87a and b, Angela, Iannello, Angelaiannello@hotmail.com,
87b, Emma, Vitali, bibbzs@hotmail.com,
88b, Calvin, Hsieh, calvin.jmail@gmail.com,
96b, Sharon, D'Souza, sharon.blackstump@live.com.au,
ggfgf, gji,, rtym, hysn 3bksk,
